1,1,1,1,1,1,1,1,1,1,1,1,1,1,1,1,1,1,1,1,1,1,1,1,1,1,1,1,1,1,1,1,1,1,1,1,1,1,1,1,1,1,1,1,1,1,1,1,1,1,1,1,1,1,1,1,1,1,1,1,1,1,1,1,
1,0.996823,0.993667,0.990537,0.987429,0.984407,0.981461,0.978605,0.976041,0.973204,0.970694,0.968263,0.965922,0.963694,0.961512,0.959224,0.958476,0.956665,0.95523,0.953876,0.952604,0.95155,0.950584,0.949729,0.949306,0.94841,0.947885,0.947465,0.947,0.946685,0.946332,0.945845,0.94684,0.946681,0.946883,0.947107,0.947401,0.947843,0.948404,0.948955,0.95005,0.950621,0.951601,0.952656,0.95377,0.955041,0.956306,0.9575,0.96018,0.96186,0.963865,0.966027,0.968212,0.970646,0.973174,0.975828,0.978791,0.98148,0.984433,0.987452,0.990514,0.993649,0.996819,1,
1,0.993662,0.987367,0.981122,0.974922,0.968893,0.963016,0.957318,0.952202,0.946544,0.941536,0.936686,0.932016,0.927571,0.923218,0.918656,0.917159,0.913547,0.910684,0.907983,0.905446,0.903343,0.901417,0.899712,0.898865,0.897078,0.896032,0.895193,0.894266,0.893637,0.892936,0.891966,0.893945,0.893629,0.894032,0.894479,0.895065,0.895948,0.897066,0.898166,0.900349,0.90149,0.903445,0.90555,0.907772,0.910307,0.912832,0.915217,0.920558,0.923911,0.927912,0.932223,0.936583,0.941439,0.946482,0.951776,0.957687,0.963054,0.968945,0.974967,0.981076,0.98733,0.993654,1,
1,0.990532,0.98113,0.971801,0.962541,0.953534,0.944757,0.936243,0.928599,0.92015,0.912669,0.905424,0.898449,0.89181,0.88531,0.878501,0.876252,0.87086,0.866583,0.862549,0.858761,0.855617,0.85274,0.850194,0.848924,0.846259,0.844697,0.843442,0.842061,0.841122,0.840078,0.838636,0.841574,0.841107,0.841709,0.842376,0.843252,0.844572,0.846242,0.847886,0.851141,0.85285,0.855769,0.858914,0.862234,0.866022,0.869797,0.873365,0.88133,0.886341,0.892318,0.898758,0.905272,0.912525,0.920058,0.927966,0.936792,0.944812,0.953612,0.962608,0.971732,0.981075,0.99052,1,
1,0.987449,0.974986,0.962619,0.950345,0.938406,0.92677,0.915484,0.905346,0.894151,0.884233,0.87463,0.865384,0.856586,0.847975,0.83896,0.835953,0.82881,0.823139,0.817792,0.812773,0.808606,0.804792,0.801417,0.799724,0.796199,0.794128,0.792464,0.790636,0.789394,0.788017,0.78612,0.78998,0.789369,0.790166,0.791052,0.792215,0.793964,0.796176,0.798359,0.802662,0.804936,0.808805,0.812974,0.817378,0.822401,0.82741,0.832151,0.842684,0.849332,0.857255,0.865791,0.874429,0.884044,0.89403,0.904513,0.916209,0.926843,0.938508,0.950434,0.96253,0.974914,0.987434,1,
1,0.984429,0.968964,0.95362,0.938392,0.92358,0.909141,0.895138,0.882553,0.868668,0.856362,0.844447,0.832978,0.822065,0.811388,0.80022,0.796448,0.787595,0.780558,0.773924,0.7677,0.762528,0.757797,0.753609,0.751493,0.747133,0.744563,0.742498,0.740237,0.738699,0.737,0.734669,0.739404,0.738659,0.739646,0.740747,0.742193,0.744363,0.747106,0.749818,0.75514,0.757973,0.762773,0.767947,0.773415,0.77965,0.785873,0.791773,0.804801,0.813058,0.822888,0.833479,0.844201,0.856129,0.86852,0.881527,0.896031,0.909231,0.923705,0.938502,0.95351,0.968875,0.98441,1,
1,0.981482,0.963091,0.944845,0.926736,0.909121,0.89195,0.875297,0.86032,0.843817,0.829181,0.815013,0.801377,0.788404,0.775716,0.762462,0.757916,0.747401,0.73903,0.731143,0.723746,0.717594,0.711968,0.706988,0.70445,0.699283,0.696226,0.69377,0.691089,0.689265,0.687259,0.684518,0.690072,0.689205,0.690377,0.691688,0.693411,0.695991,0.69925,0.702482,0.708785,0.712175,0.717881,0.724035,0.730544,0.737961,0.745374,0.752416,0.767851,0.777682,0.789372,0.801967,0.814722,0.828906,0.843642,0.85911,0.876349,0.892056,0.909268,0.926865,0.944714,0.962986,0.98146,1,
1,0.978624,0.957393,0.936329,0.915426,0.895091,0.875269,0.856045,0.838741,0.819704,0.802806,0.786452,0.770715,0.755746,0.741114,0.725847,0.72052,0.708398,0.698733,0.68963,0.681097,0.673993,0.6675,0.661752,0.658792,0.652852,0.649324,0.646486,0.643404,0.641304,0.639008,0.635886,0.642193,0.641218,0.642567,0.644084,0.646079,0.649056,0.652816,0.656554,0.663796,0.667735,0.67432,0.681426,0.688947,0.697514,0.706088,0.71425,0.731991,0.743354,0.75685,0.771388,0.78612,0.802492,0.819504,0.83736,0.857246,0.87539,0.895259,0.915573,0.936179,0.957273,0.978599,1,
1,0.975864,0.951891,0.928108,0.904508,0.881547,0.859166,0.837458,0.817903,0.796424,0.777341,0.758878,0.741115,0.724221,0.707718,0.690524,0.684407,0.670742,0.659825,0.64955,0.639923,0.6319,0.624569,0.61808,0.6147,0.608026,0.60404,0.600835,0.59737,0.595007,0.592439,0.588969,0.595958,0.594888,0.596407,0.598124,0.600383,0.603743,0.607985,0.612215,0.62035,0.624829,0.632262,0.640288,0.64879,0.65847,0.668171,0.677429,0.697362,0.710212,0.72545,0.741864,0.758508,0.776991,0.796201,0.816363,0.838798,0.8593,0.881734,0.904672,0.927941,0.951758,0.975836,1,
1,0.973212,0.946606,0.92021,0.894021,0.868538,0.843698,0.819605,0.79788,0.774062,0.75288,0.732391,0.712684,0.693945,0.675652,0.656622,0.649708,0.634569,0.62245,0.611049,0.600375,0.591467,0.583331,0.576132,0.572334,0.564966,0.560542,0.556981,0.553155,0.550543,0.547722,0.543937,0.551531,0.550383,0.552064,0.553975,0.55649,0.560218,0.564921,0.569628,0.578604,0.583615,0.591861,0.600772,0.610219,0.620969,0.631761,0.642089,0.66409,0.678375,0.695287,0.713502,0.731985,0.752497,0.773817,0.796193,0.821072,0.843845,0.868743,0.8942,0.920028,0.94646,0.973181,1,
1,0.970679,0.941555,0.912662,0.883999,0.856105,0.828915,0.802543,0.778737,0.75269,0.729501,0.707076,0.685515,0.665016,0.645018,0.624252,0.616536,0.599996,0.586727,0.574252,0.562579,0.552825,0.543921,0.536042,0.53183,0.523813,0.518968,0.515069,0.510903,0.508055,0.505004,0.50094,0.509059,0.507848,0.509682,0.51178,0.514542,0.518622,0.523764,0.52893,0.538692,0.544224,0.553247,0.563004,0.573359,0.585135,0.596978,0.608344,0.632282,0.647946,0.666459,0.686395,0.706639,0.729088,0.752426,0.776918,0.804124,0.829073,0.856325,0.884192,0.912465,0.941397,0.970645,1,
1,0.968269,0.936751,0.905485,0.874469,0.844284,0.814859,0.78632,0.760528,0.732368,0.707271,0.683006,0.659683,0.637514,0.615905,0.593505,0.584983,0.567122,0.552757,0.539261,0.526643,0.516083,0.506449,0.497925,0.493303,0.484681,0.479437,0.475213,0.470732,0.467664,0.464403,0.460097,0.468659,0.467403,0.46938,0.471657,0.474657,0.47907,0.484629,0.490237,0.500727,0.506769,0.516529,0.527092,0.538314,0.551067,0.563918,0.576291,0.602028,0.619011,0.639045,0.660617,0.68254,0.706829,0.732087,0.758591,0.788003,0.815027,0.844518,0.874675,0.905275,0.936584,0.968234,1,
1,0.96599,0.932207,0.898695,0.865456,0.833102,0.801563,0.770974,0.743295,0.713144,0.68624,0.660236,0.63525,0.611504,0.588377,0.564452,0.555123,0.536021,0.520619,0.506159,0.492649,0.481326,0.471002,0.461868,0.456842,0.447662,0.442039,0.437509,0.432736,0.429463,0.426015,0.421503,0.430426,0.429141,0.431252,0.433701,0.436928,0.441657,0.447607,0.453637,0.464798,0.471336,0.481793,0.493119,0.505165,0.518846,0.532659,0.546002,0.573398,0.591637,0.613111,0.63623,0.659745,0.685775,0.712847,0.741255,0.772745,0.80174,0.833348,0.865672,0.898473,0.93203,0.965952,1,
1,0.963845,0.92793,0.892305,0.856973,0.822579,0.789051,0.756532,0.72707,0.695053,0.666447,0.638808,0.612258,0.587033,0.562486,0.537144,0.527011,0.506751,0.490372,0.475005,0.46066,0.448618,0.437644,0.427937,0.422514,0.412823,0.406844,0.402024,0.396982,0.39352,0.389907,0.385225,0.394429,0.393132,0.395367,0.397978,0.401423,0.406448,0.412766,0.419196,0.43097,0.43799,0.4491,0.461146,0.473972,0.488528,0.503256,0.517531,0.546444,0.565874,0.588704,0.613277,0.638295,0.665961,0.694742,0.724942,0.758379,0.789235,0.822836,0.857198,0.892073,0.927745,0.963805,1,
1,0.961837,0.923926,0.886322,0.849033,0.812729,0.777339,0.743013,0.711873,0.678116,0.647916,0.618747,0.590737,0.564131,0.538262,0.511614,0.500682,0.479348,0.462052,0.445839,0.430715,0.417998,0.406417,0.396174,0.390362,0.380208,0.373894,0.368802,0.363517,0.359881,0.356123,0.351307,0.360715,0.35942,0.361769,0.364535,0.368186,0.373488,0.380148,0.386958,0.399286,0.406771,0.418493,0.431214,0.444774,0.460152,0.475745,0.490911,0.521201,0.541755,0.565853,0.591788,0.618215,0.647413,0.677794,0.709671,0.744924,0.777528,0.812994,0.849266,0.886081,0.923734,0.961796,1,
1,0.959967,0.920197,0.880751,0.84164,0.803557,0.766432,0.730424,0.697715,0.662345,0.63066,0.600067,0.570699,0.542811,0.51572,0.487874,0.476154,0.453829,0.435679,0.418678,0.402833,0.389487,0.377341,0.366599,0.360408,0.349836,0.343211,0.337865,0.332359,0.328565,0.324684,0.319766,0.329307,0.328027,0.330481,0.333392,0.337238,0.342797,0.349775,0.356943,0.369768,0.3777,0.38999,0.40334,0.417589,0.433735,0.450143,0.466157,0.497686,0.519294,0.544573,0.571775,0.59952,0.630143,0.662014,0.695452,0.732388,0.766626,0.803829,0.841879,0.880504,0.92,0.959925,1,
1,0.958235,0.916744,0.875591,0.834794,0.795064,0.756333,0.718766,0.684596,0.64774,0.614678,0.582767,0.552146,0.523073,0.494859,0.465921,0.453428,0.430195,0.411253,0.393523,0.377014,0.363084,0.350414,0.339211,0.332654,0.321709,0.314795,0.309212,0.303509,0.299573,0.295588,0.290598,0.300205,0.298953,0.301502,0.30455,0.308579,0.314376,0.321646,0.329149,0.342416,0.350777,0.363592,0.377526,0.392416,0.409276,0.426448,0.443266,0.475899,0.498491,0.524865,0.55324,0.582208,0.614149,0.6474,0.682285,0.720772,0.756531,0.795341,0.835038,0.875338,0.916542,0.958192,1,
1,0.95664,0.913564,0.870839,0.828491,0.787243,0.747034,0.708032,0.672509,0.634291,0.599961,0.566837,0.535063,0.504904,0.475661,0.445737,0.43249,0.40843,0.388757,0.370358,0.35324,0.338771,0.32562,0.313993,0.307082,0.295807,0.288626,0.282826,0.276947,0.272882,0.268812,0.263778,0.273391,0.272179,0.274814,0.277989,0.28219,0.288206,0.295743,0.303559,0.317215,0.325984,0.339281,0.353754,0.369239,0.386758,0.404642,0.422217,0.455828,0.479334,0.506716,0.53617,0.566269,0.599423,0.633945,0.670161,0.710068,0.747234,0.787525,0.828738,0.870581,0.913358,0.956596,1,
1,0.955181,0.910652,0.866489,0.822721,0.780085,0.738521,0.698206,0.661439,0.621979,0.586487,0.552254,0.519427,0.488276,0.4581,0.427289,0.413313,0.388505,0.368161,0.34915,0.331477,0.316514,0.302923,0.290908,0.283659,0.272095,0.26467,0.258668,0.252635,0.248456,0.244317,0.239264,0.248832,0.247668,0.250379,0.253673,0.258033,0.264249,0.27203,0.280137,0.294132,0.303287,0.317024,0.331992,0.348024,0.36615,0.384693,0.402978,0.437444,0.461795,0.490099,0.520541,0.551678,0.585942,0.621629,0.659063,0.700264,0.738723,0.780369,0.82297,0.866228,0.910443,0.955136,1,
1,0.953852,0.908003,0.862532,0.817472,0.773573,0.730778,0.689268,0.651361,0.610779,0.574229,0.538987,0.505204,0.473155,0.442135,0.410534,0.395857,0.370376,0.349422,0.329855,0.311681,0.296267,0.282276,0.269909,0.262338,0.250522,0.242874,0.23669,0.230522,0.226242,0.222049,0.216998,0.226477,0.225369,0.228148,0.231551,0.236058,0.242455,0.250457,0.258831,0.273119,0.282637,0.296775,0.312193,0.328727,0.347407,0.366557,0.385503,0.420712,0.445838,0.474982,0.506321,0.538407,0.573679,0.610425,0.648968,0.691338,0.73098,0.773858,0.817723,0.862269,0.907792,0.953807,1,
1,0.952652,0.905609,0.858956,0.81273,0.76769,0.723781,0.681191,0.642248,0.600658,0.563151,0.526999,0.492355,0.459496,0.427721,0.395419,0.380075,0.353993,0.332487,0.312418,0.293794,0.277972,0.26362,0.250935,0.243061,0.231028,0.223178,0.216828,0.210543,0.206175,0.201941,0.19691,0.206264,0.205217,0.208056,0.21156,0.216202,0.222763,0.230962,0.239581,0.25412,0.263977,0.278475,0.294301,0.311292,0.330474,0.35018,0.369737,0.405584,0.431418,0.461321,0.493471,0.526416,0.562599,0.600302,0.639847,0.683269,0.723983,0.767975,0.812981,0.858691,0.905397,0.952607,1,
1,0.951576,0.903461,0.855748,0.808477,0.762413,0.717505,0.673946,0.63407,0.59158,0.553214,0.516246,0.480831,0.447249,0.414801,0.381884,0.365912,0.339298,0.317294,0.296776,0.277751,0.261562,0.246886,0.233916,0.225759,0.213541,0.205511,0.199011,0.192626,0.18818,0.183917,0.17892,0.188123,0.18714,0.190032,0.193627,0.198393,0.2051,0.213475,0.222318,0.237068,0.247239,0.26206,0.278252,0.295656,0.31529,0.3355,0.355619,0.392009,0.418482,0.449066,0.481943,0.515662,0.552661,0.591223,0.631666,0.676025,0.717707,0.762698,0.808728,0.855482,0.903249,0.95153,1,
1,0.950618,0.901551,0.852894,0.804694,0.757719,0.711924,0.667503,0.626791,0.583505,0.544375,0.506681,0.470582,0.436358,0.403317,0.369864,0.353307,0.326225,0.303779,0.282862,0.263481,0.246966,0.232002,0.218779,0.21036,0.197986,0.189795,0.183161,0.176691,0.172179,0.167896,0.162943,0.171977,0.17106,0.173998,0.177675,0.182552,0.189389,0.19792,0.206963,0.221891,0.232349,0.247457,0.263976,0.28175,0.301787,0.322451,0.34308,0.379927,0.406975,0.438164,0.471687,0.506097,0.543822,0.583147,0.62439,0.669579,0.712124,0.758004,0.804945,0.852628,0.901338,0.950572,1,
1,0.949775,0.899867,0.85038,0.801362,0.753585,0.707008,0.661828,0.620377,0.576392,0.536588,0.498256,0.461555,0.426769,0.393209,0.359294,0.342197,0.314709,0.291871,0.270604,0.250912,0.234109,0.218891,0.205445,0.196787,0.184283,0.175949,0.169197,0.162656,0.158088,0.153793,0.148891,0.157745,0.156893,0.159871,0.163621,0.168598,0.175549,0.184217,0.193439,0.208513,0.219232,0.234592,0.251399,0.269501,0.289896,0.310965,0.332052,0.369279,0.396837,0.42856,0.462652,0.497672,0.536036,0.576035,0.617981,0.663897,0.707207,0.753869,0.801612,0.850114,0.899655,0.949729,1,
1,0.94904,0.898402,0.848191,0.798462,0.749986,0.702728,0.656887,0.614787,0.570199,0.529808,0.49092,0.453697,0.418422,0.384414,0.350104,0.332519,0.304681,0.281503,0.259931,0.239969,0.222914,0.207476,0.193837,0.184963,0.172351,0.163893,0.157038,0.150438,0.145822,0.141522,0.136674,0.145347,0.144558,0.147569,0.151384,0.156448,0.1635,0.172286,0.181666,0.196858,0.207811,0.223389,0.240449,0.258837,0.279545,0.30097,0.322465,0.360005,0.38801,0.420198,0.454785,0.490339,0.529258,0.569842,0.612402,0.658947,0.702925,0.750268,0.79871,0.847926,0.898191,0.948994,1,
1,0.94841,0.897145,0.846313,0.795974,0.746899,0.699055,0.652647,0.60999,0.564886,0.523991,0.484626,0.446956,0.411263,0.376873,0.342231,0.324212,0.296076,0.272605,0.250772,0.230581,0.213309,0.197681,0.183876,0.174811,0.162113,0.153548,0.146604,0.139955,0.135299,0.130998,0.126206,0.134703,0.133973,0.137012,0.140882,0.146024,0.153161,0.162047,0.171565,0.186852,0.198011,0.213776,0.231052,0.249689,0.270665,0.292399,0.314251,0.352044,0.380436,0.413022,0.448034,0.484047,0.523442,0.56453,0.607615,0.654699,0.699252,0.747179,0.796221,0.846049,0.896934,0.948364,1,
1,0.94788,0.896086,0.844732,0.79388,0.7443,0.695965,0.649079,0.605951,0.560413,0.519093,0.479328,0.441282,0.405238,0.370529,0.335613,0.317217,0.288832,0.265115,0.243062,0.222677,0.205223,0.189437,0.175492,0.166261,0.153493,0.144838,0.137819,0.131131,0.126443,0.122144,0.117404,0.125737,0.125061,0.128123,0.132041,0.137248,0.144457,0.153428,0.163062,0.178424,0.18976,0.205683,0.223142,0.241988,0.263191,0.285188,0.307345,0.34534,0.37406,0.406982,0.442351,0.478751,0.518547,0.560058,0.603587,0.65112,0.69616,0.744578,0.794125,0.844469,0.895876,0.947834,1,
1,0.947445,0.895219,0.843436,0.792163,0.74217,0.693431,0.646154,0.602637,0.556747,0.515078,0.474984,0.43663,0.4003,0.36533,0.330193,0.311478,0.282893,0.258972,0.236739,0.216198,0.198594,0.182676,0.168617,0.159247,0.146425,0.137696,0.130615,0.123897,0.119182,0.114887,0.110195,0.118382,0.117753,0.120833,0.124791,0.130052,0.137319,0.14636,0.15609,0.171511,0.182995,0.199047,0.216655,0.235675,0.257065,0.279279,0.30169,0.339841,0.368832,0.402029,0.437691,0.474409,0.514534,0.556393,0.600284,0.648183,0.693625,0.742446,0.792407,0.843173,0.895009,0.947399,1,
1,0.947102,0.894534,0.842414,0.790809,0.74049,0.691433,0.643848,0.600022,0.553855,0.511912,0.471559,0.432962,0.396406,0.361232,0.325923,0.306949,0.278207,0.254127,0.231752,0.211087,0.193364,0.177344,0.163194,0.153711,0.140849,0.132062,0.124931,0.11819,0.113455,0.109164,0.104513,0.112577,0.111987,0.115082,0.119071,0.124375,0.131689,0.140784,0.150591,0.166053,0.177657,0.193811,0.211538,0.230696,0.252233,0.27462,0.297233,0.335502,0.364708,0.398122,0.434015,0.470985,0.511369,0.553502,0.597679,0.645866,0.691625,0.740765,0.791052,0.842152,0.894325,0.947056,1,
1,0.946847,0.894027,0.841656,0.789806,0.739245,0.689953,0.642139,0.598078,0.551713,0.509566,0.469021,0.430245,0.393522,0.358197,0.322762,0.303585,0.274735,0.250536,0.228056,0.207299,0.189488,0.173391,0.159175,0.149597,0.136716,0.127884,0.120717,0.113959,0.10921,0.104924,0.100304,0.108267,0.107711,0.110817,0.114829,0.120166,0.127514,0.13665,0.146515,0.161994,0.173701,0.18993,0.207745,0.227005,0.248653,0.271168,0.293934,0.33228,0.361652,0.395227,0.43129,0.468448,0.509024,0.55136,0.595749,0.644143,0.690144,0.739519,0.790048,0.841395,0.893819,0.946802,1,
1,0.94668,0.893692,0.841156,0.789143,0.738424,0.688977,0.641012,0.59675,0.550301,0.508019,0.467347,0.428454,0.391622,0.356198,0.320677,0.301308,0.272446,0.248166,0.225617,0.204798,0.18693,0.170782,0.156522,0.146815,0.133988,0.125126,0.117934,0.111165,0.106409,0.102126,0.0975264,0.105385,0.104887,0.107999,0.112028,0.117385,0.124757,0.13392,0.143824,0.159238,0.171088,0.187367,0.205241,0.224569,0.246291,0.268892,0.291759,0.330108,0.359635,0.393315,0.429492,0.466774,0.507477,0.549948,0.594477,0.642961,0.689167,0.738698,0.789385,0.840896,0.893485,0.946635,1,
1,0.946598,0.893525,0.84091,0.788816,0.738018,0.688495,0.640457,0.595837,0.549604,0.507257,0.466523,0.427572,0.390689,0.35522,0.319646,0.299841,0.271319,0.246985,0.224412,0.203558,0.185665,0.169491,0.15521,0.145082,0.132638,0.123757,0.116557,0.10978,0.105024,0.100747,0.0961511,0.103726,0.103488,0.106603,0.110639,0.116007,0.12339,0.13257,0.142492,0.157479,0.169794,0.186096,0.203999,0.223363,0.245124,0.267769,0.290686,0.328736,0.358637,0.39237,0.428605,0.465947,0.506714,0.549251,0.593849,0.642127,0.688687,0.738292,0.789057,0.840649,0.89332,0.946552,1,
1,0.946607,0.893474,0.840896,0.788875,0.738025,0.688464,0.640423,0.594632,0.549586,0.507446,0.466498,0.427724,0.390827,0.355268,0.319788,0.298214,0.271348,0.246709,0.224343,0.203754,0.185749,0.169433,0.155194,0.143481,0.132781,0.12379,0.116562,0.109912,0.105186,0.100763,0.0962433,0.102523,0.103525,0.106589,0.11072,0.116221,0.12343,0.132528,0.142571,0.155783,0.169835,0.186035,0.203845,0.223543,0.245149,0.267844,0.290744,0.327223,0.358748,0.392381,0.428633,0.466049,0.506814,0.549163,0.593953,0.640994,0.688697,0.738251,0.788997,0.840693,0.893327,0.946612,1,
1,0.946692,0.893643,0.84115,0.78921,0.738441,0.688961,0.640998,0.595282,0.550306,0.508235,0.467352,0.428638,0.391801,0.356295,0.320845,0.299342,0.272515,0.24791,0.22558,0.205015,0.187044,0.170751,0.156535,0.144843,0.134161,0.125179,0.117965,0.111318,0.106603,0.102181,0.0976427,0.103948,0.104946,0.108006,0.11213,0.11762,0.124818,0.133906,0.14393,0.157127,0.171153,0.187326,0.20511,0.224774,0.246347,0.269001,0.29185,0.328294,0.359769,0.393348,0.429546,0.466899,0.507601,0.549883,0.5946,0.64157,0.689195,0.73867,0.789334,0.840946,0.893496,0.946697,1,
1,0.946862,0.893982,0.841656,0.789881,0.739274,0.689952,0.642142,0.596575,0.55174,0.509806,0.469049,0.430456,0.393732,0.358326,0.322956,0.301578,0.274834,0.250306,0.228046,0.207542,0.189629,0.173386,0.159215,0.147566,0.136916,0.12796,0.12077,0.114135,0.109431,0.105006,0.100443,0.106801,0.107791,0.110844,0.114952,0.120422,0.127597,0.136658,0.146646,0.15981,0.173788,0.189912,0.207638,0.227236,0.248736,0.271306,0.294053,0.330436,0.36181,0.395281,0.431365,0.468594,0.509169,0.551316,0.595891,0.642716,0.690187,0.739503,0.790006,0.841452,0.893835,0.946866,1,
1,0.947119,0.894493,0.842419,0.790893,0.740529,0.691445,0.643866,0.598525,0.553901,0.512173,0.471608,0.433197,0.396641,0.361386,0.326142,0.304947,0.278331,0.253919,0.231766,0.211355,0.19353,0.177362,0.163258,0.151674,0.141073,0.132159,0.125004,0.118387,0.113699,0.109269,0.104673,0.111108,0.112086,0.115127,0.119214,0.124653,0.131792,0.140813,0.150745,0.163858,0.177767,0.193814,0.211453,0.230951,0.252341,0.274782,0.297377,0.333666,0.364889,0.398197,0.434109,0.47115,0.511533,0.553475,0.597837,0.644441,0.691681,0.74076,0.791019,0.842215,0.894346,0.947123,1,
1,0.947464,0.895181,0.843448,0.792255,0.742219,0.693455,0.646186,0.601148,0.556809,0.515358,0.475052,0.436885,0.400556,0.365506,0.330434,0.309482,0.283039,0.258784,0.236775,0.21649,0.198782,0.182715,0.168702,0.157206,0.146672,0.137814,0.130708,0.124115,0.119448,0.115011,0.110375,0.116908,0.117871,0.120897,0.124953,0.130352,0.137442,0.146408,0.156266,0.169309,0.183126,0.19907,0.216589,0.235953,0.257194,0.279463,0.301855,0.338014,0.369034,0.402123,0.437804,0.474593,0.514716,0.556381,0.600457,0.646765,0.693693,0.742452,0.792382,0.843243,0.895034,0.947469,1,
1,0.947901,0.896052,0.844749,0.793979,0.744359,0.695999,0.649124,0.604467,0.56049,0.51939,0.479413,0.441555,0.405513,0.370724,0.335874,0.315223,0.288999,0.264944,0.243117,0.222991,0.205432,0.189495,0.175597,0.16421,0.153761,0.144975,0.13793,0.13137,0.126729,0.122286,0.117603,0.124254,0.125197,0.128204,0.132222,0.137569,0.144598,0.153494,0.163257,0.176212,0.189911,0.205725,0.223093,0.242288,0.26334,0.285393,0.30753,0.343517,0.374282,0.407094,0.442481,0.478951,0.518745,0.560061,0.603774,0.649706,0.696239,0.744593,0.794107,0.844545,0.895905,0.947905,1,
1,0.948433,0.897114,0.846335,0.79608,0.746966,0.699099,0.652703,0.608511,0.564976,0.524303,0.484726,0.447246,0.411555,0.377085,0.342511,0.322218,0.296261,0.27245,0.250844,0.230915,0.213537,0.197756,0.183999,0.172745,0.1624,0.153702,0.146731,0.140212,0.135605,0.131157,0.126423,0.133205,0.134125,0.137108,0.141081,0.146365,0.153319,0.16213,0.171778,0.184624,0.198179,0.213835,0.231019,0.250008,0.270832,0.292622,0.314454,0.350223,0.380676,0.413151,0.44818,0.484263,0.523655,0.564546,0.607816,0.653289,0.699341,0.747201,0.79621,0.84613,0.896966,0.948437,1,
1,0.949064,0.898374,0.848217,0.798575,0.750061,0.70278,0.656952,0.613312,0.570301,0.530135,0.491033,0.454002,0.41873,0.384642,0.3504,0.330522,0.304882,0.28136,0.260018,0.240322,0.22316,0.207566,0.193975,0.182878,0.172657,0.164063,0.157181,0.150712,0.146146,0.141696,0.136908,0.143832,0.144726,0.14768,0.151599,0.156809,0.163674,0.172383,0.181897,0.194611,0.207996,0.223463,0.240429,0.259175,0.279728,0.30121,0.322685,0.358183,0.388266,0.420341,0.454945,0.490569,0.529483,0.569869,0.612614,0.657542,0.703023,0.750298,0.798705,0.848012,0.898226,0.949069,1,
1,0.949801,0.899842,0.85041,0.80148,0.753666,0.707067,0.661901,0.618903,0.576504,0.536926,0.49838,0.461873,0.427091,0.393451,0.359604,0.340195,0.314924,0.29174,0.270706,0.251282,0.23437,0.218995,0.205598,0.194682,0.184605,0.176134,0.169354,0.162947,0.158429,0.153983,0.149141,0.156211,0.157075,0.159995,0.163851,0.168976,0.175739,0.184328,0.193686,0.206245,0.219432,0.234678,0.251392,0.269855,0.290094,0.31122,0.332286,0.367456,0.397107,0.428716,0.462825,0.497915,0.536274,0.576072,0.618204,0.662494,0.707313,0.753905,0.801612,0.850204,0.899694,0.949806,1,
1,0.950646,0.901527,0.852927,0.804817,0.757805,0.71199,0.667584,0.625322,0.583626,0.544724,0.506815,0.470912,0.436693,0.403572,0.370188,0.3513,0.326454,0.303657,0.282976,0.263866,0.247242,0.232118,0.218944,0.208234,0.198324,0.189992,0.18333,0.176997,0.172537,0.168099,0.163208,0.170422,0.171255,0.174134,0.177919,0.182947,0.189592,0.198043,0.207224,0.219601,0.232563,0.247555,0.26398,0.282118,0.301998,0.32272,0.343327,0.378102,0.407256,0.438331,0.471871,0.50635,0.54407,0.583193,0.624621,0.66818,0.712237,0.758046,0.80495,0.852722,0.901379,0.950651,1,
1,0.951604,0.90344,0.855784,0.808604,0.762503,0.717577,0.674033,0.632605,0.591709,0.553571,0.516389,0.48117,0.447593,0.415066,0.382219,0.363903,0.339537,0.317181,0.2969,0.278149,0.26185,0.247012,0.234092,0.223613,0.213893,0.20572,0.199191,0.192945,0.188553,0.184132,0.179197,0.186549,0.187347,0.190179,0.193884,0.198802,0.205314,0.213608,0.222591,0.234759,0.247464,0.262169,0.278265,0.296038,0.315512,0.33578,0.355877,0.390183,0.418774,0.449242,0.482135,0.515924,0.552918,0.591276,0.631904,0.674632,0.717826,0.762745,0.808737,0.855579,0.903291,0.951609,1,
1,0.952681,0.905589,0.858994,0.81286,0.767784,0.723857,0.681283,0.64079,0.600793,0.563515,0.527149,0.492702,0.459849,0.427994,0.395764,0.378067,0.354242,0.332381,0.31255,0.294203,0.27827,0.263755,0.25112,0.240898,0.231391,0.223398,0.217018,0.210874,0.20656,0.202165,0.197199,0.204672,0.205433,0.208212,0.211827,0.216625,0.222987,0.231104,0.239865,0.251795,0.264212,0.278593,0.294322,0.311685,0.330705,0.350469,0.370005,0.403761,0.431718,0.461505,0.493671,0.526686,0.562863,0.600362,0.640091,0.681882,0.724106,0.768026,0.812993,0.85879,0.905442,0.952687,1,
1,0.953882,0.907984,0.862573,0.817604,0.773671,0.730857,0.689364,0.649913,0.610919,0.574597,0.539143,0.505558,0.473514,0.442416,0.410886,0.393854,0.370632,0.349323,0.329995,0.312099,0.296574,0.282419,0.270103,0.260165,0.250895,0.243102,0.236888,0.230863,0.226637,0.222282,0.217297,0.224871,0.225593,0.228311,0.231828,0.236491,0.242688,0.250607,0.259124,0.270784,0.282881,0.2969,0.312221,0.329128,0.347646,0.366854,0.385778,0.418894,0.446145,0.475173,0.506528,0.538682,0.573948,0.61049,0.649216,0.689961,0.731106,0.773913,0.817738,0.86237,0.907838,0.953888,1,
1,0.95521,0.910635,0.866531,0.822854,0.780185,0.738603,0.698305,0.660005,0.622123,0.586859,0.552414,0.519784,0.48864,0.458385,0.427646,0.41132,0.388766,0.368068,0.349296,0.331902,0.316827,0.303072,0.291108,0.281481,0.272475,0.264904,0.258873,0.252984,0.24886,0.244557,0.23957,0.247218,0.2479,0.250549,0.253957,0.258474,0.264488,0.272186,0.280436,0.291794,0.303537,0.317156,0.332026,0.348431,0.366395,0.384995,0.403258,0.435638,0.462107,0.490295,0.520752,0.551958,0.586214,0.621698,0.659314,0.6989,0.738852,0.780426,0.822987,0.866331,0.91049,0.955216,1,
1,0.95667,0.913548,0.870883,0.828624,0.787344,0.747118,0.708134,0.671095,0.634437,0.600333,0.567,0.535421,0.505269,0.475949,0.446097,0.430515,0.408696,0.388669,0.370508,0.353667,0.339088,0.325773,0.314197,0.304908,0.296192,0.288865,0.283035,0.277301,0.273291,0.269057,0.26409,0.271775,0.272416,0.274988,0.278278,0.282636,0.28845,0.295903,0.303863,0.314884,0.326238,0.339417,0.353793,0.369649,0.387007,0.404948,0.422501,0.454039,0.479648,0.506914,0.536383,0.56655,0.599697,0.634018,0.670413,0.708723,0.747364,0.787583,0.828757,0.870685,0.913405,0.956676,1,
1,0.958265,0.916729,0.875635,0.834927,0.795165,0.756418,0.718869,0.683207,0.647887,0.615048,0.582932,0.552503,0.523438,0.495147,0.466281,0.451479,0.430462,0.41117,0.393676,0.377442,0.363402,0.350571,0.339419,0.330494,0.322096,0.315036,0.309424,0.303865,0.299984,0.295836,0.290913,0.298594,0.299193,0.301679,0.304841,0.309028,0.314623,0.32181,0.329456,0.340102,0.351034,0.363731,0.377569,0.392827,0.409526,0.426755,0.443551,0.474137,0.498806,0.525065,0.553454,0.582489,0.614423,0.647475,0.682536,0.71945,0.756662,0.795401,0.835058,0.87544,0.916589,0.95827,1,
1,0.959996,0.920184,0.880795,0.841772,0.803658,0.766518,0.730527,0.696356,0.662492,0.631025,0.600231,0.571053,0.543172,0.516008,0.488232,0.474242,0.454095,0.435601,0.418832,0.403259,0.389805,0.377498,0.366807,0.358275,0.350222,0.343453,0.338078,0.332715,0.328976,0.324934,0.320082,0.327711,0.328267,0.330659,0.333684,0.337686,0.343044,0.34994,0.357249,0.367483,0.377957,0.39013,0.403385,0.417997,0.433985,0.450449,0.466441,0.495958,0.519606,0.544773,0.571989,0.599799,0.630413,0.66209,0.695701,0.731097,0.766757,0.803889,0.8419,0.880605,0.920047,0.960002,1,
1,0.961866,0.923913,0.886365,0.849162,0.812828,0.777423,0.743114,0.710553,0.678261,0.648274,0.618909,0.591084,0.564486,0.538546,0.511966,0.498816,0.47961,0.461978,0.445993,0.431136,0.418313,0.406575,0.396381,0.388269,0.38059,0.374135,0.369014,0.363869,0.360288,0.356372,0.351621,0.359145,0.359658,0.361947,0.364824,0.368629,0.373733,0.380312,0.387261,0.397046,0.407026,0.418633,0.431261,0.445177,0.460399,0.476048,0.491192,0.519517,0.542062,0.56605,0.591999,0.618489,0.647679,0.67787,0.709915,0.74367,0.777656,0.813054,0.849288,0.886181,0.923781,0.961871,1,
1,0.963873,0.927918,0.892347,0.857099,0.822676,0.789134,0.756632,0.725795,0.695195,0.666795,0.638967,0.612596,0.587379,0.562763,0.537489,0.525204,0.507008,0.490302,0.475157,0.461071,0.448926,0.4378,0.428141,0.420476,0.413198,0.407081,0.402233,0.397329,0.39392,0.390152,0.385534,0.392896,0.393367,0.395543,0.398262,0.401857,0.406689,0.412928,0.419494,0.42879,0.43824,0.449239,0.461194,0.474366,0.488771,0.503552,0.517806,0.544814,0.566175,0.588897,0.613484,0.638562,0.66622,0.694818,0.72518,0.757169,0.78936,0.822895,0.85722,0.892169,0.92779,0.963878,1,
1,0.966017,0.932196,0.898736,0.865577,0.833196,0.801644,0.771071,0.742074,0.713282,0.686575,0.660391,0.635576,0.611839,0.588646,0.564785,0.553387,0.53627,0.520554,0.506307,0.493047,0.481626,0.471154,0.462067,0.454875,0.448026,0.44227,0.437713,0.433073,0.429851,0.426253,0.421804,0.428942,0.42937,0.431424,0.433977,0.43735,0.441892,0.447766,0.453926,0.462694,0.47158,0.481928,0.493167,0.505547,0.519081,0.532945,0.546268,0.571832,0.591927,0.613299,0.63643,0.660003,0.686025,0.712921,0.741485,0.771586,0.801861,0.833406,0.865694,0.898566,0.932074,0.966022,1,
1,0.968295,0.936741,0.905525,0.874585,0.844374,0.814937,0.786413,0.75937,0.7325,0.707591,0.683155,0.659996,0.637834,0.616161,0.593824,0.583331,0.567361,0.552696,0.539404,0.527024,0.51637,0.506595,0.498116,0.491422,0.48503,0.479659,0.47541,0.471056,0.468038,0.464633,0.460387,0.467237,0.467624,0.469546,0.471923,0.475062,0.479297,0.484782,0.490515,0.498717,0.507003,0.51666,0.52714,0.53868,0.551293,0.564193,0.576546,0.600539,0.619289,0.639225,0.660809,0.682787,0.707069,0.732158,0.75881,0.786903,0.815143,0.844574,0.874696,0.905364,0.936625,0.968301,1,
1,0.970703,0.941546,0.9127,0.884107,0.85619,0.828988,0.802631,0.77765,0.752815,0.729804,0.707217,0.68581,0.665318,0.645262,0.624554,0.614981,0.600223,0.586671,0.574388,0.56294,0.553097,0.544061,0.536224,0.530052,0.524144,0.519179,0.515255,0.511211,0.50841,0.505223,0.501216,0.507712,0.508059,0.50984,0.512033,0.514927,0.518837,0.523909,0.529195,0.536793,0.544447,0.553372,0.56305,0.573705,0.585349,0.597238,0.608587,0.630882,0.648209,0.666629,0.686576,0.706872,0.729313,0.752494,0.777125,0.803092,0.829183,0.856378,0.884212,0.912549,0.941437,0.970708,1,
1,0.973235,0.946597,0.920246,0.894122,0.868617,0.843766,0.819688,0.796872,0.774178,0.753161,0.732522,0.712959,0.694227,0.675879,0.656904,0.648263,0.634781,0.622398,0.611177,0.600712,0.591721,0.583462,0.576302,0.570675,0.565276,0.560739,0.557156,0.553444,0.550875,0.547928,0.544196,0.550273,0.55058,0.552212,0.554212,0.55685,0.56042,0.565057,0.569875,0.576833,0.583822,0.591978,0.600815,0.610542,0.62117,0.632004,0.642315,0.66279,0.67862,0.695447,0.713671,0.732202,0.752707,0.773881,0.796386,0.820116,0.843947,0.868792,0.894219,0.920106,0.946497,0.97324,1,
1,0.975885,0.951883,0.92814,0.904601,0.88162,0.859229,0.837534,0.816983,0.796531,0.777599,0.758998,0.741367,0.724479,0.707927,0.690783,0.683085,0.670936,0.659779,0.649668,0.640233,0.632134,0.624689,0.618237,0.613177,0.608312,0.604223,0.600996,0.597636,0.595313,0.592628,0.589207,0.5948,0.595069,0.596543,0.598342,0.600714,0.603929,0.60811,0.612443,0.618725,0.625021,0.63237,0.640329,0.649087,0.658654,0.668394,0.677637,0.696173,0.710437,0.725597,0.74202,0.758707,0.777184,0.79626,0.816539,0.837925,0.859394,0.88178,0.90469,0.928012,0.951791,0.975889,1,
1,0.978642,0.957386,0.936358,0.91551,0.895157,0.875326,0.856113,0.837916,0.8198,0.803037,0.78656,0.770942,0.755978,0.741302,0.72608,0.719333,0.708573,0.698691,0.689736,0.681376,0.674204,0.667609,0.661893,0.657421,0.65311,0.649488,0.646632,0.643644,0.64158,0.639179,0.636102,0.64115,0.641382,0.64269,0.644281,0.646378,0.649224,0.652929,0.656759,0.662333,0.667907,0.674417,0.681463,0.689215,0.697681,0.706289,0.714437,0.730923,0.743557,0.756982,0.771528,0.786299,0.802665,0.819557,0.837519,0.856464,0.875475,0.8953,0.91559,0.936244,0.957304,0.978646,1,
1,0.981499,0.963085,0.94487,0.926809,0.909178,0.892,0.875356,0.859597,0.843902,0.829384,0.815108,0.801576,0.788608,0.775882,0.762667,0.756876,0.747555,0.738994,0.731236,0.723991,0.71778,0.712064,0.707113,0.703244,0.69951,0.696371,0.693898,0.691301,0.689508,0.68741,0.684708,0.689154,0.689349,0.690486,0.691862,0.693675,0.696139,0.699351,0.702663,0.7075,0.712327,0.717967,0.724068,0.730779,0.738108,0.745551,0.752581,0.766915,0.77786,0.789488,0.80209,0.814879,0.829058,0.843689,0.859249,0.875664,0.89213,0.909304,0.926879,0.94477,0.963013,0.981502,1,
1,0.984443,0.968959,0.953642,0.938454,0.923628,0.909184,0.895189,0.88194,0.86874,0.856534,0.844528,0.833147,0.822239,0.811528,0.800395,0.795564,0.787727,0.780527,0.774004,0.76791,0.762687,0.757879,0.753716,0.750467,0.747326,0.744687,0.742608,0.740417,0.738907,0.737129,0.734831,0.738621,0.738783,0.739739,0.740895,0.742418,0.744489,0.747191,0.749972,0.754045,0.758103,0.762847,0.767975,0.773616,0.779774,0.786024,0.791913,0.804006,0.81321,0.822987,0.833584,0.844334,0.856258,0.86856,0.881645,0.89545,0.909294,0.923735,0.938514,0.953557,0.968897,0.984446,1,
1,0.987461,0.974981,0.962637,0.950395,0.938446,0.926804,0.915525,0.904849,0.894209,0.884373,0.874696,0.865522,0.856727,0.848089,0.839102,0.835235,0.828917,0.823114,0.817857,0.812943,0.808734,0.804859,0.801503,0.798887,0.796356,0.794229,0.792554,0.790784,0.789563,0.788122,0.786253,0.789342,0.78947,0.790242,0.791173,0.792398,0.794067,0.796246,0.798485,0.801771,0.805041,0.808865,0.812997,0.817542,0.822503,0.827533,0.832266,0.842038,0.849456,0.857335,0.865876,0.874538,0.884149,0.894063,0.904609,0.915737,0.926894,0.938533,0.950444,0.962568,0.974932,0.987463,1,
1,0.990541,0.981126,0.971814,0.962579,0.953564,0.944783,0.936274,0.928222,0.920194,0.912776,0.905475,0.898553,0.891917,0.885397,0.878609,0.875707,0.870941,0.866564,0.862598,0.85889,0.855715,0.852791,0.850259,0.848288,0.846378,0.844773,0.84351,0.842172,0.841251,0.840158,0.838737,0.841089,0.841183,0.841767,0.842468,0.843392,0.84465,0.846294,0.847981,0.850463,0.85293,0.855815,0.858931,0.862359,0.8661,0.869891,0.873452,0.880839,0.886435,0.892379,0.898822,0.905355,0.912605,0.920083,0.928039,0.936435,0.944851,0.95363,0.962615,0.971762,0.981089,0.990542,1,
1,0.993668,0.987365,0.98113,0.974948,0.968913,0.963034,0.957338,0.951947,0.946574,0.941608,0.93672,0.932086,0.927643,0.923276,0.918728,0.916792,0.913602,0.910671,0.908016,0.905534,0.903408,0.901451,0.899755,0.898437,0.897158,0.896084,0.895239,0.894342,0.893724,0.89299,0.892034,0.893617,0.893681,0.894071,0.89454,0.895158,0.896,0.897101,0.89823,0.899893,0.901544,0.903476,0.905562,0.907856,0.91036,0.912895,0.915276,0.920228,0.923974,0.927953,0.932267,0.936639,0.941493,0.946499,0.951825,0.957446,0.96308,0.968957,0.974972,0.981095,0.987339,0.993669,1,
1,0.996826,0.993666,0.990541,0.987441,0.984417,0.98147,0.978615,0.975914,0.97322,0.970731,0.96828,0.965958,0.96373,0.961541,0.95926,0.958292,0.956692,0.955223,0.953893,0.952648,0.951583,0.950601,0.949752,0.949091,0.94845,0.947911,0.947488,0.947038,0.946728,0.94636,0.945879,0.946675,0.946707,0.946903,0.947138,0.947448,0.947869,0.948421,0.948987,0.949821,0.950648,0.951617,0.952662,0.953812,0.955067,0.956337,0.95753,0.960014,0.961892,0.963886,0.966049,0.96824,0.970673,0.973182,0.975852,0.97867,0.981493,0.98444,0.987454,0.990524,0.993654,0.996826,1,
1,1,1,1,1,1,1,1,1,1,1,1,1,1,1,1,1,1,1,1,1,1,1,1,1,1,1,1,1,1,1,1,1,1,1,1,1,1,1,1,1,1,1,1,1,1,1,1,1,1,1,1,1,1,1,1,1,1,1,1,1,1,1,1,
